resInfor,resName
653d5116f554bd3ad0a6d2da,Ăn Vặt & Bánh Tráng Siêu Xịn
653d5116f554bd3ad0a6d2e4,Bánh Mì Hạnh Phúc
653d5116f554bd3ad0a6d2f7,Bánh Mì Ép HB - An Thượng 30
653d5116f554bd3ad0a6d30a,Bánh Mì Ép HB - Nguyễn Văn Thoại
653d5117f554bd3ad0a6d314,Bánh Canh Gia Truyền Bà Bé Chợ Cồn - Bãi Giữ Xe Cổng Chợ Cồn
653d5117f554bd3ad0a6d327,Bánh Mì Bảo Tiên
653d5117f554bd3ad0a6d337,Bánh Mỳ Bà Tứ
653d5117f554bd3ad0a6d33e,Bánh Mì Heo Quay Ty - Chợ Cồn
653d5117f554bd3ad0a6d34b,Bánh Canh Đèn Dầu - Bánh Canh & Bánh Chất Huế - 259 Khúc Hạo
653d5117f554bd3ad0a6d359,Bánh Lọc & Bánh Nậm Dì Trang - Hà Thị Thân
653d5117f554bd3ad0a6d369,Bánh Canh Cá Nục Nhi 1 - 39 Tố Hữu
653d5118f554bd3ad0a6d379,Bánh Xèo Bà Dưỡng
653d5118f554bd3ad0a6d388,Bánh Tráng Cô Thê
653d5118f554bd3ad0a6d392,Thìn - Bánh Mì Heo Nướng Lu & Cafe Muối - Nguyễn Hoàng
653d5118f554bd3ad0a6d39c,Bánh Tráng Thịt Heo Hương Đại Lộc
653d5118f554bd3ad0a6d3af,Chin's Kitchen - Bánh Mì & Gỏi Cuốn
653d5118f554bd3ad0a6d3b9,Bánh Canh Cá Lóc Yến - Hoàng Hoa Thám
653d5118f554bd3ad0a6d3ca,Bánh Canh Cá Nục Nhi 3 - 338 Ông Ích Khiêm
653d5143f554bd3ad0a6d3ce,3T - Bánh Mì & Xôi Xéo
653d5144f554bd3ad0a6d3da,CHỊ HAI - Sinh Tố & Nước Ép - 16 Phan Tứ
653d5144f554bd3ad0a6d3e4,Bánh Xèo - Bà Bé
653d5144f554bd3ad0a6d3ef,Bánh Xèo	 Bún Mắm & Bún Thịt Nướng
653d5144f554bd3ad0a6d3f9,Bánh Xèo Nhung - 105 Nguyễn Thiện Kế
653d5144f554bd3ad0a6d400,Bánh Xèo Nhật Huy
653d5144f554bd3ad0a6d40d,Bánh Xèo Bà Ngọc 
653d5144f554bd3ad0a6d417,Hà Điệp - Bánh Xèo & Nem Lụi
653d5144f554bd3ad0a6d41d,Bánh Xèo Tôm Nhảy - Xèo Nam
653d5145f554bd3ad0a6d424,Bánh Xèo Xuân - Phan Tứ
653d5145f554bd3ad0a6d42b,Bánh Xèo	 Nem Lụi & Bún Mắm - Zangzang
653d5145f554bd3ad0a6d432,Bánh Xèo & Nem Lụi Bà Ngọc Huế
653d5145f554bd3ad0a6d439,A Đức - Bánh Xèo & Bánh Căn
653d5145f554bd3ad0a6d447,Bánh Xèo Cô Bông - 233 Núi Thành
653d5145f554bd3ad0a6d455,Bánh Xèo & Nem Lụi - Vi Vi
653d5145f554bd3ad0a6d45b,Bánh Xèo - 99 Hải Hồ
653d5145f554bd3ad0a6d465,Bếp Nhỏ - Bánh Xèo - Mẹ Suốt
653d5146f554bd3ad0a6d46c,Bánh Xèo Trang - Lê Đình Lý
653d5146f554bd3ad0a6d473,Bà Thúy - Bánh Xèo Quảng Ngãi
653d5146f554bd3ad0a6d47a,Quán Hồng - Bánh Xèo & Bánh Tráng Cuốn Thịt Heo - Phạm Cự Lượng
653d514df554bd3ad0a6d49b,Crispy Pizza
653d514ef554bd3ad0a6d4ad,Taco Ngon - Homemade Tortillas & Fresh Sauces
653d514ef554bd3ad0a6d4e6,Vons Chicken - Gà Rán & Tokbokki - An Thượng 6
653d514ef554bd3ad0a6d51b,Quán Nhậu Nhúng Ớt
653d514ff554bd3ad0a6d529,Pizza Center - Hải Phòng
653d514ff554bd3ad0a6d539,Fly Burgers
653d514ff554bd3ad0a6d54c,Dâu's Food - Điện Biên Phủ
653d514ff554bd3ad0a6d572,QUÁN HIỀN BEE - Hà Huy Tập
653d514ff554bd3ad0a6d584,Tê Tê Quán - Bún Mọc & Lẩu Nướng - 22 An Thượng 11
653d5150f554bd3ad0a6d596,Cơm Gà Quay Sốt BBQ 87
653d5150f554bd3ad0a6d5a6,Sumo BBQ - Buffet Lẩu & Nướng
653d5150f554bd3ad0a6d5cc,Warning BBQ & Hotpot - Lẩu Nướng Sinh Viên - Liên Chiểu
653d5165f554bd3ad0a6d5eb,Quán Ngon - Beefsteak
653d5165f554bd3ad0a6d5f6,Vĩnh Tường - Beefsteak & Mì Ý
653d5166f554bd3ad0a6d605,Beefsteak Bò Con
653d5166f554bd3ad0a6d611,Tường - Pate & Beefsteak
653d5166f554bd3ad0a6d618,Beefsteak 51 - Mai Hắc Đế
653d5166f554bd3ad0a6d626,Lẩu Gà 76 - Lẩu Gà Lá É - 183 Tiểu La
653d5166f554bd3ad0a6d639,Saigon Brown Cafe & Eatery
653d5166f554bd3ad0a6d64a,Sushi Cá Hồi Cô Ba Đà Nẵng - Sushi Ngon & Giá Rẻ
653d5166f554bd3ad0a6d65b,Domino’s Pizza - 34 Nguyễn Văn Linh
653d5167f554bd3ad0a6d668,Santori Food & Drinks - Trần Bạch Đằng
653d5167f554bd3ad0a6d67a,Domino’s Pizza - 294 Núi Thành
653d5167f554bd3ad0a6d68d,La Mer Coffee
653d5167f554bd3ad0a6d69a,Cơm Healthy - Detox Drinks VyVy Quán
653d5167f554bd3ad0a6d6c0,Vi Lan Cafe
653d5167f554bd3ad0a6d6d3,4U Boutique Restaurant & Beer
653d5167f554bd3ad0a6d6dd,Mỳ Xíu & Bò Né Cô Dương
653d5168f554bd3ad0a6d6e4,Bò Né Khanh - Hoàng Văn Thụ
653d516cf554bd3ad0a6d702,Quán My - Bún Bò & Mỳ Gà Quế Sơn
653d516df554bd3ad0a6d70c,Bún Bò Dì Hồng
653d516df554bd3ad0a6d71c,Cô Bảy - Bún Bò & Mì Quảng
653d516df554bd3ad0a6d726,Cô Tâm - Bún Bò Huế
653d516df554bd3ad0a6d741,Hồng - Bún Bò & Cà Phê - Trần Cao Vân
653d516df554bd3ad0a6d752,Quán Món Huế - Bún Bò Huế & Bánh Lọc - 42 Phan Liêm
653d516df554bd3ad0a6d75e,Bún Bò Huế O Huệ - Bún - Ông Ích Khiêm
653d516ef554bd3ad0a6d76e,Hủ Tiếu	 Bún Thái & Bò Kho - Tiệm Ăn Thanh Ngọc - Hùng Vương
653d516ef554bd3ad0a6d778,Bún Thái	 Bò Kho & Hủ Tiếu - Tiệm Ăn Thanh Ngọc - Đống Đa
653d516ef554bd3ad0a6d785,Bò Nướng Nhà Bo - Bún Thịt Nướng	 Cuốn	 Nem Chả
653d516ef554bd3ad0a6d7a8,Bếp Phượng
653d516ef554bd3ad0a6d7b2,Bún Bò - Sườn Bò Thập Cẩm
653d516ef554bd3ad0a6d7b9,Bún Bò Bà Diệu
653d516ef554bd3ad0a6d7c0,BÚN BÒ CHÂN CẦU - Bún Bò - 05 Hoàng Thị Loan
653d516ff554bd3ad0a6d7c8,Bún Bò Bà Rơi
653d516ff554bd3ad0a6d7d5,Minh Khôi - Phở Bắc & Bún Bò Huế
653d516ff554bd3ad0a6d7df,Bún Bò Bà Khiểm
653d516ff554bd3ad0a6d7f2,Tâm Đức - Bún Riêu Cua Sài Gòn & Bún Bò Huế
653d5177f554bd3ad0a6d803,Onjoo’s Kitchen - Kimbap Online
653d5177f554bd3ad0a6d814,Hói's Pizza - Phan Châu Trinh
653d5177f554bd3ad0a6d824,The Pizza Company - Co.opMart Đà Nẵng
653d5177f554bd3ad0a6d833,The Pizza Company - Nguyễn Văn Thoại
653d5177f554bd3ad0a6d843,The Pizza Company - 1 Nguyễn Văn Linh
653d5177f554bd3ad0a6d855,Chè Mỹ - Phan Đăng Lưu
653d5178f554bd3ad0a6d868,FM Garden Coffee
653d5178f554bd3ad0a6d87b,Chè Kim Phụng - Chè	 Sinh Tố & Trà Trái Cây - 518 Lê Văn Hiến
653d5178f554bd3ad0a6d88e,Phong Cafe
653d5178f554bd3ad0a6d8a0,Hói Bán - Sushi - 74 Khúc Hạo
653d5178f554bd3ad0a6d8b1,Trà Sữa Home's - Buffet Trà Sữa
653d5178f554bd3ad0a6d8c4,Chè Kim Phụng - Chè	 Sinh Tố & Trà Trái Cây - 916 Ngô Quyền
653d5178f554bd3ad0a6d8d7,Great Day Coffee & Bread - D40 An Thượng
653d5179f554bd3ad0a6d8ea,Đỏ Đỏ - Hải Sản Tươi Sống & Bia Lạnh Nghéc 41- 43 Hồ Hán Thương
653d5179f554bd3ad0a6d8fd,Ken - Sushi - 52 Hoàng Văn Thụ
653d5179f554bd3ad0a6d910,Amazon Cafe - Đảo Xanh
653d5179f554bd3ad0a6d917,Pizza Oppa - Hồ Nghinh
653d5179f554bd3ad0a6d92a,Nắng Cafe & Milktea
653d5179f554bd3ad0a6d937,Chè Thái Duyên Nguyên - Đà Nẵng
653d5179f554bd3ad0a6d94a,Blue Whale - Restaurant & Bar
653d517cf554bd3ad0a6d965,Cơm Gà A Tý - Nguyễn Chí Thanh
653d517df554bd3ad0a6d978,Quán Bé Mai - Cơm Hà Nội
653d517df554bd3ad0a6d989,Quán Bé Mai - Cơm Hà Nội Chuẩn Vị Bắc
653d517df554bd3ad0a6d9ac,Cơm Thố Đà Thành
653d517df554bd3ad0a6d9ba,Cơm - Cháo - Miến Gà Thu Hiền
653d517df554bd3ad0a6d9cd,Xuyến - Cơm Nắm	 Cơm Cuộn & Xôi Mặn - 59 Thanh Lương 9
653d517df554bd3ad0a6d9d4,DaNa Thố - Cơm Chiên Thố - 300 Phạm Cự Lượng
653d517ef554bd3ad0a6d9db,CƠM GÀ 99 - Cơm Gà - Nguyễn Hàng
653d517ef554bd3ad0a6d9e4,Cơm Gà Ta Cô Ký
653d517ef554bd3ad0a6d9f5,Cơm 300
653d517ef554bd3ad0a6da02,Cơm Tấm 09 - Cơm Tấm - Thanh Huy 1
653d517ef554bd3ad0a6da09,Cơm Bình Dân Hồng - Chợ Hòa Khánh
653d517ef554bd3ad0a6da1c,Cơm Niêu Phù Sa - Trần Bạch Đằng
653d517ef554bd3ad0a6da2c,Cơm Nhà Kiều Thị
653d517ef554bd3ad0a6da33,Cơm Gà Hoàng Giang
653d517ff554bd3ad0a6da44,Cơm Gà Mến
653d517ff554bd3ad0a6da54,Cơm Gà Liên
653d517ff554bd3ad0a6da64,Cơm Tấm 315
653d5181f554bd3ad0a6da77,Golden Star - Cafe & Món Việt - Trần Bạch Đằng
653d5182f554bd3ad0a6da87,KOMBO - Cơm Niêu Singapore - 265 Lê Thanh Nghị
653d5182f554bd3ad0a6da98,Cơm Niêu Trúc Lâm Viên
653d5182f554bd3ad0a6daab,Minh Tâm - Cơm Niêu & Cơm Đập
653d5182f554bd3ad0a6dabe,Cơm Niêu Hồng Phúc
653d5182f554bd3ad0a6dad1,Cơm Niêu 3 Cá Bống
653d5182f554bd3ad0a6dae4,Cơm Niêu Cội Nguồn
653d5182f554bd3ad0a6daf7,Cơm Niêu Nhà Đỏ 2
653d5183f554bd3ad0a6db0a,Cơm Niêu Huế Khang Garden
653d5183f554bd3ad0a6db1b,Cơm Niêu PHAM BROS - Nướng Lẩu Lai Rai
653d5183f554bd3ad0a6db25,PHỞ BẮC 54 - CƠM NIÊU VIỆT YẾN VY
653d5183f554bd3ad0a6db38,Quán Chay Đại Bi
653d5183f554bd3ad0a6db4b,BBQ Chicken - Gà rán Hàn Quốc -  Đà Nẵng
653d5183f554bd3ad0a6db5e,Cơm Chay Đà Nẵng 3 - Hàm Nghi
653d5183f554bd3ad0a6db71,Phú Khang Restaurant & Cafe
653d5183f554bd3ad0a6db82,Cơm sườn Đào Duy Từ - 26 Hải Phòng
653d5184f554bd3ad0a6db8c,Trúc Lâm Viên Cafe & Restaurant
653d5184f554bd3ad0a6db9e,Cơm Quê Má Hai - 35 Trưng Nữ Vương
653d5184f554bd3ad0a6dba5,Han's Bbq - Phan Liêm
653d5184f554bd3ad0a6dbb8,Chay Tâm Phúc
653d5187f554bd3ad0a6dbc2,Vịt Nhà Quê - Cháo Vịt & Gỏi Vịt
653d5187f554bd3ad0a6dbdc,Cô Đào Vlog - Cháo Vịt & Gỏi Vịt
653d5187f554bd3ad0a6dbe9,Cháo Ếch Singapore Đà Thành - 29 Quang Trung
653d5187f554bd3ad0a6dc06,Cháo Lòng & Lòng Xào Nghệ - Bà Thương
653d5187f554bd3ad0a6dc17,KYO DASHI SƠN TRÀ - CHÁO ĂN DẶM KIỂU NHẬT
653d5188f554bd3ad0a6dc29,Cháo Ngon 24/7 - Lương Thế Vinh
653d5188f554bd3ad0a6dc30,Cháo Lòng & Bún Mắm - Bà Kim
653d5188f554bd3ad0a6dc37,Quán 129 - Bún Chả	 Cháo Lòng & Phở Gà
653d5188f554bd3ad0a6dc3e,Quán Bống - Cháo Lươn & Súp Lươn - Khúc Hạo
653d5188f554bd3ad0a6dc48,Quán Tuấn - Xôi Chiên - Cháo & Các Món Nướng
653d5188f554bd3ad0a6dc4f,Xì Chum - Cháo Dinh Dưỡng & Súp
653d5188f554bd3ad0a6dc5a,Cháo - Súp Dinh Dưỡng Mẹ Tom
653d5188f554bd3ad0a6dc65,Cháo Lòng Chuẩn Vị Bắc - Cháo Lòng - Nguyễn Lương Bằng
653d5189f554bd3ad0a6dc6c,Cháo Lòng Cô Chi
653d5189f554bd3ad0a6dc79,Cháo Vịt Bà Năm - Trần Cao Vân
653d5189f554bd3ad0a6dc80,Phượng - Cháo	 Súp & Cơm Trưa
653d5189f554bd3ad0a6dc8f,Cháo Soup Dinh Dưỡng BÉ SU - Trà Sữa Nhà Làm - Nguyễn Hữu Tiến
653d5189f554bd3ad0a6dc96,Cháo Dinh Dưỡng - PAPADASHI
653d518cf554bd3ad0a6dca8,CM Chicken - Gà Rán Hàn Quốc - Hồ Nghinh
653d518cf554bd3ad0a6dcc1,Chicken Bee - Bàu Tràm 2
653d518cf554bd3ad0a6dcd4,Kang’s Chicken
653d518cf554bd3ad0a6dcdf,Korean Best Chicken - Gà Rán Hàn Quốc - 81 Đống Đa
653d518cf554bd3ad0a6dd06,Boom Pizza
653d518df554bd3ad0a6dd2b,Maazi Indian - Nhà Hàng Ấn Độ - 264 Trần Phú
653d518df554bd3ad0a6dd4e,Bánh Mì Cô Phượng - Trần Bạch Đằng
653d518df554bd3ad0a6dd5a,Phở 29 - Phở Hà Nội
653d518df554bd3ad0a6dd6d,Bếp Ông Tá ( Professional Chef ) - Tô Hiến Thành
653d518ef554bd3ad0a6dd89,Naruto Ramen
653d518ef554bd3ad0a6dd99,POETRY - Coffee & Restaurant
653d518ef554bd3ad0a6dda9,Fratello Pizza & Burger
653d5192f554bd3ad0a6ddd5,Bánh Mì Chay Ngọc Tứ - Lê Độ
653d5192f554bd3ad0a6dde8,Relax Coffee and Food - Thực Phẩm Chay (Vegan Food) - Đỗ Bá
653d5192f554bd3ad0a6ddf9,Sun Coffee & Milktea - Trà Thái Đỏ & Kem Trứng Cháy - Huỳnh Ngọc Huệ
653d5192f554bd3ad0a6de0c,Tâm Viên Restaurant - Món Chay
653d5192f554bd3ad0a6de18,Cơm Chay Thiên Nhiên - Trần Tống
653d5192f554bd3ad0a6de25,Quán Cô Nga - 64 Trưng Nữ Vương
653d5193f554bd3ad0a6de36,Nhà Hàng Chay Tâm Châu - Lê Mạnh Trinh
653d5193f554bd3ad0a6de40,Bánh Mì Chay - Tịnh
653d5193f554bd3ad0a6de47,Quán Chay Phúc Viên - 428 Nguyễn Phước Nguyên
653d5193f554bd3ad0a6de59,Ẩm Thực Cơm Chay Healthy - Quán Chay Vegan - 114 Lê Thanh Nghị
653d5193f554bd3ad0a6de5d,Bánh Bao Thủy
653d5193f554bd3ad0a6de64,Bánh Mì Chay Nguyên Chi - Nguyễn Chí Thanh
653d5193f554bd3ad0a6de6e,Quán Chay Thuần Chay Diệu Giác - Lê Đại Hành
653d5194f554bd3ad0a6de75,Sinh Tố Giải Khát - 45 Phan Bôi
653d5194f554bd3ad0a6de91,Ẩm Thực Chay Hoa Sen - 167 Lê Thanh Nghị
653d5194f554bd3ad0a6de98,Hanh Bá - Thực Phẩm Chay
653d5194f554bd3ad0a6dea5,Quán Chay Tâm Thiện Phước - Trần Cao Vân
653d5194f554bd3ad0a6deac,Quán Chay Nhân Nghĩa
653d5194f554bd3ad0a6deb3,Quán Chay Liên Phát
653d5197f554bd3ad0a6dec6,Chân Gà Nướng Hai Còi - 58 Nguyễn Văn Thoại
653d5197f554bd3ad0a6ded6,Chân Gà Sả Tắc Hiền Nguyễn - Tô Hiệu
653d5197f554bd3ad0a6defa,Chân Gà Nướng Hai Còi - 91 Nguyễn Văn Thoại
653d5198f554bd3ad0a6df17,BeerFood - Gà Ủ Muối Hoa Tiêu Nhà Làm - Trần Khánh Dư
653d5198f554bd3ad0a6df26,Trứng Gà Nướng No Name - Hoàng Diệu
653d5198f554bd3ad0a6df49,Bếp Ông Khải - Gà Ủ Muối Nhà Làm
653d5199f554bd3ad0a6df8c,Kaki Quán - Trà Trái Cây	 Ăn Vặt	 Gỏi Cuốn & Chân Gà - 280 Hải Phòng
653d5199f554bd3ad0a6df9b,Chân Gà Sốt Thái & Sả Tắc - Ăn Vặt Dì Mười - Ngô Quyền
653d5199f554bd3ad0a6dfa1,Gà Nướng Muối Ớt - Đặc Biệt Không Cay - 25 Nguyễn Chánh
653d5199f554bd3ad0a6dfa8,Gà Ủ Muối Hoa Tiêu Ông Bi
653d5199f554bd3ad0a6dfaf,Bếp Nhà Hương - Chân Gà Sả Tắc - Shop Online
653d5199f554bd3ad0a6dfbe,Ăn Vặt Ku Shin - Chân Gà Rút Xương & Yaourt Dẻo Nhà Làm
653d5199f554bd3ad0a6dfcc,TB FOOD - Gà Ủ Muối	 CaFe & Trà Sữa
653d519ef554bd3ad0a6dfdf,Phố Ốc - Hải Sản Tươi Sống
653d519ef554bd3ad0a6dff1,Hải sản Cô Bê
653d519ef554bd3ad0a6e004,Hải Sản Biển Mặn
653d519ef554bd3ad0a6e016,Simsimi Quán - Hải Sản
653d519ef554bd3ad0a6e029,Quán 62 - Hải Sản
653d519ef554bd3ad0a6e03b,Hải Sản Cua Biển 1
653d519ef554bd3ad0a6e04c,Quán Sơn - Hải Sản & Món Nhậu
653d519ff554bd3ad0a6e05f,Phước Thái - Hải Sản Tươi Sống
653d519ff554bd3ad0a6e072,Quỳnh Như Restaurant - Hải Sản Tươi Sống
653d519ff554bd3ad0a6e083,Bà Tám - Hải Sản Tươi Sống
653d519ff554bd3ad0a6e0a8,Bé Mập Quán - Hải Sản Bình Dân
653d519ff554bd3ad0a6e0c2,Hải Sản Ba Lép 2 -  Nguyễn Tất Thành
653d519ff554bd3ad0a6e0d5,Vũ Vi Cá - Hải Sản - Ngô Quyền
653d51a0f554bd3ad0a6e0dc,Mỹ Phúc - Hải Sản - Hồ Nghinh
653d51a0f554bd3ad0a6e0ef,Hải Sản Bếu - 230 Đường 2 Tháng 9
653d51a0f554bd3ad0a6e0fd,Hải Sản Giá Rẻ - Cơm Gà Ngũ Vị
653d51a0f554bd3ad0a6e110,Quán Đảo Xanh  - Hải Sản Giá Rẻ - Nguyễn Văn Thoại
653d51a0f554bd3ad0a6e11f,Lùn Mập Quán - Gà Ri Ủ Muối & Hải Sản - Võ Văn Kiệt
653d51a8f554bd3ad0a6e131,Sen Sen - Bún Chả Hà Nội - Lô 49 Trần Bạch Đằng
653d51a8f554bd3ad0a6e13e,HOUSE 44 - BURGER	 PIZZA & BÒ KHO
653d51a8f554bd3ad0a6e161,Happy Burger
653d51a9f554bd3ad0a6e174,Tiệm KingDish - Hamburger & Hotdog - Trần Cao Vân
653d51a9f554bd3ad0a6e181,Hamburger Qa - Shop Online
653d51a9f554bd3ad0a6e191,Hamburger Hoàng - Hamburger Gà Giòn
653d51a9f554bd3ad0a6e1a1,Ba Anh Bakery - Bánh Mì & Hamburger - Nguyễn Công Trứ
653d51a9f554bd3ad0a6e1ae,Bếp Anh - Mỳ Ý & Hamburger
653d51a9f554bd3ad0a6e1bd,Hamburger	 Kebab & Nước Giải Khát - ZÒON - Nước Mặn 5
653d51a9f554bd3ad0a6e1ca,Quán Lu Lu - Bánh Mì Muối Ớt	 Hamburger & Cà Phê Muối
653d51aaf554bd3ad0a6e1d3,The Hamburger - 85 Nguyễn Đình Chiểu
653d51aaf554bd3ad0a6e1da,Burger Cheap - Hamburger - Huỳnh Ngọc Huệ
653d51aaf554bd3ad0a6e1e1,Burger Cheap - Hamburger - Lê Thanh Nghị
653d51aaf554bd3ad0a6e1e8,KingDish Bánh Mì Hamburger	 Hotdog & Kebab - Phạm Cự Lượng
653d51aaf554bd3ad0a6e1f5,KELSEY DE PAIN VŨ BAKER - Hamburger	 Bánh Mỳ	 Cake Shop - Tô Hiến Thành 
653d51aaf554bd3ad0a6e208,L'italiano - Pizza & Hamburger
653d51aaf554bd3ad0a6e21b,Đầy N Day - Pizza & Hamburger
653d51aaf554bd3ad0a6e225,Bánh Mì Nướng Muối Ớt & Hamburger - 494 Tôn Đản
653d51abf554bd3ad0a6e22b,Hamburger Pari
653d51aef554bd3ad0a6e23e,Cá Câu - Cháo & Lẩu
653d51aef554bd3ad0a6e251,Tré Trộn	 Lẩu Tokbokki & Trà Sữa - Hoàng Văn Thái
653d51aef554bd3ad0a6e260,Lẩu Ly	 Mì Trộn & Ram Cuốn Cải - Suny Food - 103 Nguyễn Lộ Trạch
653d51aef554bd3ad0a6e268,Gỏi Cuốn RIO - Lẩu Ly - 31 Lê Duy Lương
653d51aef554bd3ad0a6e27b,Sâu Nướng & Lẩu Nướng - Trần Đại Nghĩa
653d51aef554bd3ad0a6e28d,Buffet Viên Chiên	 Lẩu Ly & Trà Sữa - Cá Mập Con - 57/1 Ngô Thì Nhậm
653d51aff554bd3ad0a6e2a0,Lẩu Nướng Lyn
653d51aff554bd3ad0a6e2c5,Lẩu Bò OTy - 290 Đường 2 Tháng 9
653d51aff554bd3ad0a6e2d2,Quán Huế Ngon - Lẩu Nướng - Trần Quốc Toản
653d51aff554bd3ad0a6e2f2,Lẩu Bò Nhà Gỗ Đà Nẵng - Huỳnh Thúc Kháng
653d51aff554bd3ad0a6e30f,Lẩu Bò Cỏ - Bò Tơ 7 Món - 55 Chương Dương
653d51b0f554bd3ad0a6e31f,Lẩu Thái	 Xiên Thịt Nướng & Chân Gà Sả Tắc - Châu Thị Vĩnh Tế
653d51b0f554bd3ad0a6e32f,Quán Bé Nhỏ - Ốc & Lẩu Nướng
653d51b0f554bd3ad0a6e342,Én Vàng - Lẩu	 Nướng Bơ & Bún Thái
653d51b0f554bd3ad0a6e349,Tiếu Lâm - Nướng Lẩu & Ốc
653d51b0f554bd3ad0a6e35c,Phước Lý Quán - Lẩu Và Nướng - Bùi Tấn Diên
653d51baf554bd3ad0a6e395,Trà Sữa	 Mỳ Cay & Ăn Vặt Poc Poc - Ngô Văn Sở
653d51baf554bd3ad0a6e3a8,Trà Sữa	 Mỳ Cay & Ăn Vặt Poc Poc - Châu Thị Vĩnh Tế
653d51baf554bd3ad0a6e3b8,Mì Cay	 Ăn Vặt & Ram Cuốn Cải
653d51baf554bd3ad0a6e3c7,CÓC - Trà Trái Cây & Mì Cay
653d51baf554bd3ad0a6e3da,Snow - Mì Cay HQ & Bún Đậu Mắm Tôm
653d51bbf554bd3ad0a6e3eb,Bún Thịt Nướng & Mỳ Cay - Ăn Vặt Đà Sơn
653d51bbf554bd3ad0a6e3fc,Lùn Mập Quán - Gà Ri Ủ Muối & Mì Cay - Lê Thanh Nghị
653d51bbf554bd3ad0a6e40d,Lùn Mập Quán - Gà Ri Ủ Muối & Mì Cay - Lê Hiến Mai
653d51bbf554bd3ad0a6e41f,Cafe Muối	 Trà Sữa Kem Trứng Nướng & Mì Cay Hàn Quốc
653d51bbf554bd3ad0a6e42a,Tiệm Nhà Zing - Lê Hữu Trác
653d51bbf554bd3ad0a6e438,Tiệm Nhà Zing
653d51bcf554bd3ad0a6e46b,Combo Quán - Ăn Vặt & Nước Ép Trái Cây Hạt Chia - 458 Núi Thành
653d51bcf554bd3ad0a6e47d,Andy Quán - Ăn Vặt Hàn Quốc
653d51bcf554bd3ad0a6e48f,Nước Mía & Trà Tắc
653d51bcf554bd3ad0a6e4a0,Tiệm Trà Cherry
653d51bcf554bd3ad0a6e4b3,Ăn Vặt Sóc Sóc - Ăn Vặt	 Ăn Khuya & Bánh Huế - An Hải 9
653d51bff554bd3ad0a6e4ba,Mì Quảng Bà Vị - Mì Quảng - Kiệt 74 Võ Văn Kiệt
653d51bff554bd3ad0a6e4c3,Mì Quảng Gà - Nhà Quê
653d51bff554bd3ad0a6e4ca,Mì Quảng Cô Nuôi - Ngô Quyền
653d51bff554bd3ad0a6e4d1,BẾP MẸ MANH - Bún & Mì Quảng - Dũng Sĩ Thanh Khê
653d51c0f554bd3ad0a6e4e2,Nhà Nhím- Mỳ Quảng & Bún Mắm - Thủ Khoa Huân
653d51c0f554bd3ad0a6e4fa,Mì Quảng Ngon 199
653d51c0f554bd3ad0a6e505,Mì Quảng Phương - Phan Tứ
653d51c0f554bd3ad0a6e509,Mì Quảng Sông Thu
653d51c1f554bd3ad0a6e53d,Khủng Long Quán - Mì Quảng & Xôi - Ngô Chân Lưu
653d51c1f554bd3ad0a6e550,Mì Quảng & Bún Mắm Đặc Sản - K227/86b Nguyễn Văn Thoại
653d51c1f554bd3ad0a6e557,Mì Quảng - Đặc Sản Hội An
653d51c1f554bd3ad0a6e569,Mỳ Quảng & Cà phê Ngân Long - 14 Mỹ Khê 1
653d51c1f554bd3ad0a6e570,Bánh Mì Lagu & Mì Quảng - Huỳnh Thúc Kháng
653d51c1f554bd3ad0a6e576,Mì Quảng Phú Chiêm - 118 Phan Thanh
653d51c1f554bd3ad0a6e57f,Quán Hồng - MÌ Quảng & Cao Lầu
653d51c1f554bd3ad0a6e586,Mì Quảng Thu Bồn - Hoàng Thế Thiện
653d51c2f554bd3ad0a6e596,Mỳ Quảng 43 - Châu Thượng Văn
653d51c5f554bd3ad0a6e5a7,Ms Lu - Gà Rán & Món Ăn Hàn Quốc - Ngô Quyền
653d51c6f554bd3ad0a6e5b9,Deli Hanoi - Món Ngon Hà Nội - Trần Phú
653d51c6f554bd3ad0a6e603,Zé Food - Món Hàn Quốc
653d51c6f554bd3ad0a6e615,Sam Won Restaurant - Món Hàn Quốc
653d51c6f554bd3ad0a6e622,Lina - Mỳ Trộn Indomie & Món Hàn - Ông Ích Đường
653d51c6f554bd3ad0a6e635,Chói's Kitchen - Món Ăn Hàn Quốc - Hoàng Hoa Thám
653d51c7f554bd3ad0a6e63c,Món Ăn Hàn Quốc - Lẩu & Nướng Út Neo
653d51c7f554bd3ad0a6e64f,Chói's Kitchen - Món Ăn Hàn Quốc - Lê Hồng Phong
653d51c7f554bd3ad0a6e656,Ăn Vặt - Món Ăn Hàn Quốc Út Neo 2
653d51c7f554bd3ad0a6e669,Maru Food & Drinks - Món Ăn Hàn Quốc
653d51c7f554bd3ad0a6e67b,Anh Kim Quán - Món Ăn Hàn Quốc
653d51c7f554bd3ad0a6e682,Korean Food - Món Ăn Hàn Quốc
653d51c7f554bd3ad0a6e689,Nhà Hàng Itaewon - Món Ăn Hàn Quốc
653d51c8f554bd3ad0a6e693,PER Korean Food - Món Ăn Hàn Quốc - Phạm Tu
653d51c8f554bd3ad0a6e69f,Mr. Noh - Món Cơm Hàn Quốc - An Trung 2
653d51c8f554bd3ad0a6e6b2,Ju An - Món Ăn Hàn Việt - Phan Anh
653d51c8f554bd3ad0a6e6c5,Sasin - Mì Cay & Món Ăn Hàn Quốc - Châu Thị Vĩnh Tế
653d51ffc7a09c33a4a9ae0e,Umi Sushi - Ẩm Thực Nhật Bản - 267 Đống Đa
653d5200c7a09c33a4a9ae2d,Fune Sushi - An Thượng 10
653d5200c7a09c33a4a9ae40,Chin Meshi Dragon - Món Nhật
653d5200c7a09c33a4a9ae53,Pavo Cuisine & Mixology - Món Nhật - 11 Trần Phú
653d5200c7a09c33a4a9ae5d,Takoyaki Da Nang - Món Ăn Nhật
653d5200c7a09c33a4a9ae70,Haru & Sura - Món Ăn Nhật & Hàn - 44 Tạ Mỹ Duật
653d5200c7a09c33a4a9ae7f,SHINYA Cơm Bò Kiểu Nhật - Món Quốc Tế - Tôn Đản
653d5201c7a09c33a4a9ae90,Phiphi - Sushi Nhật & Hàn Food
653d5201c7a09c33a4a9ae9f,Nghiện Sushi - Đỗ Quang
653d5201c7a09c33a4a9aea6,KYOTO SUSHI Japanese Restaurant - Hệ Thống 4U For You
653d5201c7a09c33a4a9aec0,Maruten - Sushi & Soba
653d5201c7a09c33a4a9aed3,Phiphi - Sushi Nhật & Hàn Food - Shop Online
653d5201c7a09c33a4a9aee6,Sushi Time - Coopmart
653d5202c7a09c33a4a9aef7,Okami Sushi Foods - Ngô Gia Tự
653d5202c7a09c33a4a9af0a,Tasty New York Restaurant - Sushi & Milktea
653d5202c7a09c33a4a9af1b,Michi Sushi
653d5202c7a09c33a4a9af2e,Bushido Restaurant
653d5202c7a09c33a4a9af41,Fish Dance Cafe
653d5206c7a09c33a4a9af4b,Món Ăn Thái - Food Thái - 10 Đặng Huy Trứ
653d5206c7a09c33a4a9af5b,Tí Mập 420 - Chân Gà Rút Xương Sốt Thái & Các Món Ăn Vặt
653d5206c7a09c33a4a9af6e,Kin Kin Thai Food - An Thượng 30
653d5206c7a09c33a4a9af81,Kin Kin Thai Food - Tôn Thất Đạm
653d5207c7a09c33a4a9af94,Kin Kin Thai Food - Phan Châu Trinh
653d5207c7a09c33a4a9afa7,Thai Market - Trần Quốc Toản
653d5207c7a09c33a4a9afba,Thai Market - Nguyễn Văn Thoại
653d5207c7a09c33a4a9afcd,Thai Market - Thái Phiên
653d5207c7a09c33a4a9afe0,Thai Market - Bình Minh 5
653d5207c7a09c33a4a9aff3,Ken Nam Thai - Thai's Food - Ngô Quyền
653d5208c7a09c33a4a9b018,Ken Sabay Thái - Lê Đại Hành
653d5208c7a09c33a4a9b02a,The Thai Cuisine - Hồ Nghinh
653d5208c7a09c33a4a9b03d,Han & Thai Food
653d5208c7a09c33a4a9b04e,Cơm Lửa Việt
653d5208c7a09c33a4a9b061,Kin Kin - Thai Food
653d5208c7a09c33a4a9b081,Mais Thai Cusine
653d520ec7a09c33a4a9b0b3,Pizza Sister’s
653d520ec7a09c33a4a9b114,Taste Burger & Pizza
653d520fc7a09c33a4a9b173,Kimpap Home's - Đồ Ăn Hàn Quốc - K408/H33/04 Hoàng Diệu
653d520fc7a09c33a4a9b18e,Lòng Heo Quê Đại Lộc - Cháo Lòng & Bún Lòng Xào Nghệ - 52 Ngô Chi Lan
653d5210c7a09c33a4a9b1a7,Pizza - Gà Rán GenZ - Ngô Thì Nhậm
653d5210c7a09c33a4a9b1b7,Pizza - Gà Rán GenZ - Nguyễn Tất Thành
653d5213c7a09c33a4a9b1c9,Phở Bắc Hải - Trần Phú
653d5213c7a09c33a4a9b1d0,Phở Hà Thành - Phan Thanh
653d5213c7a09c33a4a9b1d7,Phở Hà Thành - Cách Mạng Tháng 8
653d5214c7a09c33a4a9b1e9,Phở Hoàn Kiếm
653d5214c7a09c33a4a9b1f3,Quán Mai Hà Nội - Bún & Phở - An Thượng 5
653d5214c7a09c33a4a9b1fa,Phở Hà Thành - Hàm Nghi
653d5214c7a09c33a4a9b213,Phở Bùi Minh - Phở Bò	 Cơm Chiên & Phở Miến Trộn - Lê Trọng Tấn
653d5214c7a09c33a4a9b220,Phở Lý Quốc Sư - Hồ Nghinh
653d5214c7a09c33a4a9b228,Phở Cồ Cử Hà Nội - Phở - Trần Quang Khải
653d5215c7a09c33a4a9b237,Phở Hà Nội - Đường 2 Tháng 9
653d5215c7a09c33a4a9b244,Ksim Food - Phở & Giải Khát
653d5215c7a09c33a4a9b24b,Phở 24 - Phan Tôn
653d5215c7a09c33a4a9b255,Phở Hà Nội - Châu Thị Vĩnh Tế
653d5215c7a09c33a4a9b25f,Phở Ho Sa Na
653d5215c7a09c33a4a9b26e,Phở Quyên - 219 Nguyễn Văn Thoại
653d5215c7a09c33a4a9b274,Mạnh Phố Cổ - Phở Gà & Ngan Cháy Tỏi - Trần Phú
653d5216c7a09c33a4a9b292,Phở Gia Lai Bốn Phương - Phở 2 Tô - 325 Cách Mạng Tháng 8
653d526558f8a72ad0020a03,Thuận Phước Garden Beer & Seafood Restaurant - Đường 3 Tháng 2
653d526658f8a72ad0020a90,Ốc Cay Sài Gòn - Trần Nhân Tông
653d526658f8a72ad0020aa8,Ốc Gánh - Đông Giang
653d526758f8a72ad0020abb,Lão Đại Seafood
653d526758f8a72ad0020ac8,Đông Đông Seafood
653d526758f8a72ad0020adb,Namas - Seafood Restaurant & Bar
653d526758f8a72ad0020aed,The Lob Seafood Bar
653d526758f8a72ad0020aff,Dana Bay Seafood
653d526758f8a72ad0020b1a,27 Seafood Restaurant - Võ Nguyên Giáp
653d526858f8a72ad0020b28,Con Nhà Ngư Seafood
653d526e58f8a72ad0020b39,Trà Sữa Umacha - Nguyễn Văn Thoại
653d526e58f8a72ad0020b5d,Trà Sữa Umacha - Núi Thành
653d526e58f8a72ad0020b6b,Trà Sữa Ông Thọ - Lê Duẩn
653d526e58f8a72ad0020b7c,Ali Cafe & Trà Sữa - Ngô Văn Sở
653d526f58f8a72ad0020ba0,Trà Sữa Ông Nội Quán - Ông Ích Khiêm
653d526f58f8a72ad0020bb2,Diamond Milktea - Trà Sữa & Ăn Vặt
653d526f58f8a72ad0020bc1,Trà Sữa Bánh Tráng Nướng Bin Happy
653d526f58f8a72ad0020bd2,Trà Sữa - Sinh Tố & Nước Ép Cường Mojito
653d526f58f8a72ad0020be5,Panda - Trà Sữa	 Trà Chanh & Cafe
653d526f58f8a72ad0020bf4,May Hotpot - Trà Sữa - Ăn Vặt - Mỳ Cay
653d526f58f8a72ad0020c07,Pilot Cafe - Trà Sữa & Trà Chanh
653d527058f8a72ad0020c19,Bqueen - Trà Sữa & Ăn Vặt
653d527058f8a72ad0020c2c,Bee Coffee & Tea - Trà Sữa	 Ăn Vặt & Trà Mãng Cầu
653d527058f8a72ad0020c3f,Thái Bảo - Cafe & Trà Sữa
653d527058f8a72ad0020c4f,Trà Sữa Boba Cups
653d527058f8a72ad0020c59,Trà Sữa NaCo
653d527058f8a72ad0020c6b,MONCHA - Trà Dâu & Trà Sữa - 90 Nguyễn Chích
653d527058f8a72ad0020c72,Trà Sữa Aloha
653d527458f8a72ad0020c85,Nước Ép Trái Cây Tươi & Trà Các Loại - KU NOO
653d527458f8a72ad0020c96,Cà Phê & Trà Trái Cây Tươi Nhà Lâm
653d527458f8a72ad0020cbc,Meo Meo - Trà Sữa & Cà Phê	 Trái Cây Gọt Sẵn - Trần Đức Thảo
653d527558f8a72ad0020ccf,Tiệm Trà Trong Hẻm - Trà Sữa	 Trà Trái Cây & Ăn Hàng 24h - Thanh Thuỷ
653d527558f8a72ad0020cdf,Ủ Mưu Cafe Muối - Trà Trái Cây	 Sinh Tố - Giải Khát - 95 Nguyễn Khánh Toàn
653d527558f8a72ad0020d10,Xôi 9Life - 380 Hùng Vương
653d527558f8a72ad0020d33,Asagi Store - Trái Cây Sạch
653d527558f8a72ad0020d46,Trái Cây Tia Chớp
653d527658f8a72ad0020d57,Trạm Vitamin - Nước Ép Trái Cây Tươi
653d527658f8a72ad0020d68,Sơri - Nước Ép Trái Cây	 Sinh Tố & Ăn Vặt
653d527658f8a72ad0020d79,Asagi Store - Trái Cây Sạch - Nguyễn Tri Phương
653d527658f8a72ad0020d8a,Sơri Cơ Sở 2 - Nước Ép Trái Cây	 Sinh Tố & Ăn Vặt
653d527658f8a72ad0020d9d,KinKin - Nước Ép Trái Cây
653d527758f8a72ad0020dd4,Nước Ép Trái Cây Đường Ray
653d5396e204794a0c051342,Shushi Kebab - Bánh Mì Thổ Nhĩ Kỳ - Trưng Nhị
653d5396e204794a0c051347,Shushi Kebab - Bánh Mì Thổ Nhĩ Kỳ - Xô Viết Nghệ Tĩnh
653d5397e204794a0c051376,Sushi Mei - Hải Phòng
653d5397e204794a0c051387,Ahihi Sushi - Hoàng Hoa Thám